{"_type":"export","__export_format":4,"__export_date":"2024-04-18T00:55:00.937Z","__export_source":"insomnia.desktop.app:v8.6.1","resources":[{"_id":"req_aca2253fb83046609545413d3f54cede","parentId":"wrk_0a488fb26b45478cadaa625b1eeb1ffd","modified":1713401638919,"created":1713400915410,"url":"localhost:3000/cargo/utilizados/Presidente","name":"filtrados os cargos","description":"","method":"GET","body":{},"parameters":[],"headers":[{"name":"User-Agent","value":"insomnia/8.6.1"}],"authentication":{},"metaSortKey":-1713400915410,"isPrivate":false,"pathParameters":[],"settingStoreCookies":true,"settingSendCookies":true,"settingDisableRenderRequestBody":false,"settingEncodeUrl":true,"settingRebuildPath":true,"settingFollowRedirects":"global","_type":"request"},{"_id":"wrk_0a488fb26b45478cadaa625b1eeb1ffd","parentId":null,"modified":1713397424415,"created":1713397424415,"name":"prova","description":"","scope":"collection","_type":"workspace"},{"_id":"req_59c48563f11945e7a9b7eafbca8f10e1","parentId":"wrk_0a488fb26b45478cadaa625b1eeb1ffd","modified":1713401646678,"created":1713397734042,"url":"localhost:3000/cargo/:id/reajuste","name":"reajuste de salario","description":"","method":"PUT","body":{"mimeType":"application/json","text":"{\n\t\"nome\": \"pedro\",\n\t\"percentualReajuste\": 20\n}"},"parameters":[],"headers":[{"name":"Content-Type","value":"application/json"},{"name":"User-Agent","value":"insomnia/8.6.1"}],"authentication":{},"metaSortKey":-1713397734042,"isPrivate":false,"pathParameters":[{"name":"id","value":""}],"settingStoreCookies":true,"settingSendCookies":true,"settingDisableRenderRequestBody":false,"settingEncodeUrl":true,"settingRebuildPath":true,"settingFollowRedirects":"global","_type":"request"},{"_id":"req_79a8ddbae0194b518d523575f7f49756","parentId":"wrk_0a488fb26b45478cadaa625b1eeb1ffd","modified":1713401653173,"created":1713397531306,"url":"localhost:3000/cargo","name":"getALL","description":"","method":"GET","body":{},"parameters":[],"headers":[{"name":"User-Agent","value":"insomnia/8.6.1"}],"authentication":{},"metaSortKey":-1713397531306,"isPrivate":false,"pathParameters":[],"settingStoreCookies":true,"settingSendCookies":true,"settingDisableRenderRequestBody":false,"settingEncodeUrl":true,"settingRebuildPath":true,"settingFollowRedirects":"global","_type":"request"},{"_id":"req_aed8c9b330ff4335899543ebb4746c52","parentId":"wrk_0a488fb26b45478cadaa625b1eeb1ffd","modified":1713401660805,"created":1713397427200,"url":"localhost:3000/cargo","name":"create","description":"","method":"POST","body":{"mimeType":"application/json","text":"{\n\t\"tipoPessoa\": \"PF\",\n\t\"nome\": \"Orion\",\n\t\"cargo\": \"Presidente\",\n\t\"sexo\": \"M\",\n\t\"salario\": 10000,\n\t\"cpf\": \"874.956.845-98\",\n\t\"reajuste\": 30\n}"},"parameters":[],"headers":[{"name":"Content-Type","value":"application/json"},{"name":"User-Agent","value":"insomnia/8.6.1"}],"authentication":{},"metaSortKey":-1713397427200,"isPrivate":false,"pathParameters":[],"settingStoreCookies":true,"settingSendCookies":true,"settingDisableRenderRequestBody":false,"settingEncodeUrl":true,"settingRebuildPath":true,"settingFollowRedirects":"global","_type":"request"},{"_id":"env_d1f947254abf8bb1bfa913e446b71a85966d74db","parentId":"wrk_0a488fb26b45478cadaa625b1eeb1ffd","modified":1713397424418,"created":1713397424418,"name":"Base Environment","data":{},"dataPropertyOrder":null,"color":null,"isPrivate":false,"metaSortKey":1713397424418,"_type":"environment"},{"_id":"jar_d1f947254abf8bb1bfa913e446b71a85966d74db","parentId":"wrk_0a488fb26b45478cadaa625b1eeb1ffd","modified":1713397424420,"created":1713397424420,"name":"Default Jar","cookies":[],"_type":"cookie_jar"}]}